"qe","assigning_authority_PDR","ccd_count","trn_count","total_docs","most_recent_submission"
"bronx","BRONX TREATMENT CENTER","90189","0","90189","2026-09-21 21:20:10"
"bronx","PSCH HEALTHIX","51993","0","51993","2026-09-21 22:45:38"
"bronx","${NORMALIZED_FACILITY}","2","0","2","2026-08-04 15:08:13"
"bronx","${ORGANIZATION}","0","3","3","2026-09-21 14:43:52"
"healtheconnections","1336","24009","0","24009","2026-09-01 17:51:01"
"healtheconnections","1025","20982","34391","55373","2026-09-21 14:22:45"
"healtheconnections","1264","18952","0","18952","2026-09-01 15:51:37"
"healtheconnections","1313","7764","0","7764","2026-09-01 16:30:36"
"healtheconnections","1419","4282","0","4282","2026-09-01 19:55:42"
"healtheconnections","1000","3848","2825","6673","2026-09-21 14:22:45"
"healtheconnections","1307","3832","0","3832","2026-09-01 16:10:21"
"healtheconnections","1017","2576","2518","5094","2026-09-01 12:09:59"
"healtheconnections","1321","2072","0","2072","2026-09-01 16:36:48"
"healtheconnections","1421","1517","0","1517","2026-09-01 20:05:00"
"healtheconnections","1426","1197","0","1197","2026-09-01 20:09:30"
"healtheconnections","1263","1094","1651","2745","2026-09-01 15:08:53"
"healtheconnections","1288","1067","0","1067","2026-09-01 15:54:56"
"healtheconnections","1431","850","0","850","2026-09-01 20:11:33"
"healtheconnections","1420","573","0","573","2026-09-01 20:01:14"
"healtheconnections","1436","532","0","532","2026-09-01 20:12:07"
"healtheconnections","1283","458","0","458","2026-09-01 15:52:43"
"healtheconnections","1417","422","0","422","2026-09-01 17:57:52"
"healtheconnections","1422","360","0","360","2026-09-01 20:06:51"
"healtheconnections","1392","331","329","660","2026-09-01 17:56:18"
"healtheconnections","2374","239","4154","4393","2026-06-02 14:31:21"
"healtheconnections","LIFETIME-CARE","4","0","4","2026-09-05 15:13:04"
"healtheconnections","1001","0","1886","1886","2026-08-31 22:13:06"
"healtheconnections","1011","0","1134","1134","2026-08-31 22:29:40"
"healtheconnections","1013","0","341","341","2026-08-31 22:43:43"
"healtheconnections","1018","0","652","652","2026-09-01 12:14:39"
"healtheconnections","1019","0","1189","1189","2026-09-01 12:19:31"
"healtheconnections","1024","0","2187","2187","2026-09-01 12:29:34"
"healtheconnections","1722","0","86","86","2026-09-01 17:55:22"
"healthix","MSMCEPIC","1835843","0","1835843","2026-09-10 18:33:52"
"healthix","ACPNYEPIC","1167033","0","1167033","2026-09-10 18:33:52"
"healthix","IFH_2","320439","0","320439","2026-09-10 18:33:51"
"healthix","OBHS_2","276367","0","276367","2026-09-10 18:33:49"
"healthix","MEDISYSEPIC","265456","0","265456","2026-09-10 18:33:53"
"healthix","TBHCEPIC","258660","0","258660","2026-09-10 18:33:40"
"healthix","MMC_2","86477","0","86477","2026-09-10 18:30:48"
"healthix","STB-COMMACKMEDICINE_STONYBROOK.INTERNISTSCLINICIANS","63541","0","63541","2026-09-09 09:27:11"
"healthix","STB-SETAUKETORTHOPEDICS(15)_STONYBROOK.ORTHOPAEDICCLINICIANS","57058","0","57058","2026-09-09 09:27:45"
"healthix","STB-SUNYSBPUTNAMHPSYC_STONYBROOK.PSYCHIATRICCLINICIANS","51296","0","51296","2026-09-09 09:27:43"
"healthix","STB-STBROADDERMATOLOGY_STONYBROOK.DERMATOLOGYCLINICIANS","48957","0","48957","2026-09-09 09:27:27"
"healthix","STB-SETAUKETPEDS4TD_STONYBROOK.CHILDRENSSERVICESCLINICIANS","38864","0","38864","2026-09-09 09:27:29"
"healthix","STB-SETAUKETNEURO_STONYBROOK.NEUROLOGYASSOCIATESCLINICIANS","36143","0","36143","2026-09-09 09:27:21"
"healthix","ICOMML","32880","0","32880","2026-09-21 23:58:29"
"healthix","STB-SETAUKETFAMILYMED_STONYBROOK.FAMPREVMEDICINECLINICIANS","25844","0","25844","2026-09-10 06:30:23"
"healthix","STB-SMITHTOWNPEDSGROUP_STONYBROOK.CHILDRENSSERVICESCLINICIANS","21727","0","21727","2026-09-10 06:26:26"
"healthix","FHMC OR JHMC","21680","0","21680","2026-09-17 17:38:29"
"healthix","STB-ACPPAINCLINIC_STONYBROOK.ANAESTHESIOLOGYCLINICIANS","21511","0","21511","2026-09-09 09:27:25"
"healthix","STB-SETAUKETGENMED_STONYBROOK.INTERNISTSCLINICIANS","19592","0","19592","2026-09-09 09:27:35"
"healthix","STB-OPEYOPHTHAL_STONYBROOK.OPTHALMOLOGYCLINICIANS","19366","0","19366","2026-09-09 09:05:23"
"healthix","STB-COMMACKPEDIATRICS_STONYBROOK.CHILDRENSSERVICESCLINICIANS","18444","0","18444","2026-09-09 09:27:36"
"healthix","STB-BOHEMIA-OBGYN_STONYBROOK.OBGYNCLINICIANS","18270","0","18270","2026-09-09 09:04:47"
"healthix","STB-MORICHESPEDS_STONYBROOK.CHILDRENSSERVICESCLINICIANS","14213","0","14213","2026-09-09 09:27:22"
"healthix","STB-COMMACKDERM_STONYBROOK.DERMATOLOGYCLINICIANS","13862","0","13862","2026-09-09 09:27:04"
"healthix","STB-COMMACKOPTHAL_STONYBROOK.OPTHALMOLOGYCLINICIANS","13166","0","13166","2026-09-08 00:47:03"
"healthix","STB-STONY BROOK PSYCHIATRIC ASSOC UFPC","12749","0","12749","2026-09-09 09:27:25"
"healthix","STB-SETAUKETNEURO181B_STONYBROOK.NEUROLOGYASSOCIATESCLINICIANS","10878","0","10878","2026-09-09 09:22:05"
"healthix","STB-SETAUKETCARD_STONYBROOK.INTERNISTSCLINICIANS","10837","0","10837","2026-09-09 09:16:25"
"healthix","STB-COMMACKORTHO_STONYBROOK.ORTHOPAEDICCLINICIANS","10619","0","10619","2026-09-09 09:27:08"
"healthix","STB-COMMACKOBGYN_STONYBROOK.OBGYNCLINICIANS","10345","0","10345","2026-09-09 09:21:29"
"healthix","STB-WTCCOMMACK_STONYBROOK.INTERNISTSCLINICIANS","10284","0","10284","2026-09-09 09:21:21"
"healthix","STB-NEUROLOGY ASSOCIATES OF STONY BROOK UFPC","10201","0","10201","2026-09-09 09:16:24"
"healthix","STB-PATCHOGUEPEDS_STONYBROOK.CHILDRENSSERVICESCLINICIANS","10006","0","10006","2026-09-10 07:22:09"
"healthix","STB-MORICHESINTERNALMED_STONYBROOK.INTERNISTSCLINICIANS","9697","0","9697","2026-09-09 09:16:05"
"healthix","STB-ISLIPPEDS_STONYBROOK.CHILDRENSSERVICESCLINICIANS","9480","0","9480","2026-09-09 09:27:30"
"healthix","STB-CNTEACHSURGY_STONYBROOK.SURGICALCLINICIANS","9306","0","9306","2026-09-09 09:15:53"
"healthix","STB-WTCMINEOLA_STONYBROOK.INTERNISTSCLINICIANS","9181","0","9181","2026-09-09 09:10:51"
"healthix","STB-SETAUKETUROLOGYWPHC_STONYBROOK.UROLOGYCLINICIANS","8125","0","8125","2026-09-09 09:27:05"
"healthix","STB-SETAUKETOBGYNWPHC_STONYBROOK.OBGYNCLINICIANS","8002","0","8002","2026-09-09 09:22:02"
"healthix","STB-COMMACKUROLOGY_STONYBROOK.UROLOGYCLINICIANS","7693","0","7693","2026-09-09 09:16:33"
"healthix","STB-PATCHOGUEFAMILYMED_STONYBROOK.FAMPREVMEDICINECLINICIANS","7198","0","7198","2026-09-09 09:27:16"
"healthix","STB-CNTEACHBARIATRICSU_STONYBROOK.SURGICALCLINICIANS","7012","0","7012","2026-09-09 09:22:04"
"healthix","STB-SETAUKETOBGYNBLD6_STONYBROOK.OBGYNCLINICIANS","6307","0","6307","2026-09-10 07:22:08"
"healthix","STB-CANCERCENTER_STONYBROOK.UNIVERSITYHOSPITALCLINICIANS","6193","0","6193","2026-09-10 07:05:58"
"healthix","STB-SETAUKETNEPHROLOGY_STONYBROOK.INTERNISTSCLINICIANS","5731","0","5731","2026-09-09 08:58:59"
"healthix","STB-SETAUKETUROLOGYTRA_STONYBROOK.UROLOGYCLINICIANS","5126","0","5126","2026-09-09 08:36:38"
"healthix","STB-SOUTHAMPTONCARD_STONYBROOK.INTERNISTSCLINICIANS","5028","0","5028","2026-09-09 09:21:29"
"healthix","STBCFS-GEMMS","4815","0","4815","2026-05-30 11:08:03"
"healthix","STB-STONY BROOK CHILDRENÂS SERVICE UFPC-PWR","4762","0","4762","2026-09-21 21:34:55"
"healthix","STB-COMMACKSURGERY_STONYBROOK.SURGICALCLINICIANS","4742","0","4742","2026-09-09 09:10:31"
"healthix","STB-RIVERHEADUROLOGY_STONYBROOK.UROLOGYCLINICIANS","4247","0","4247","2026-09-09 09:10:37"
"healthix","STB-SMITHTOWNSLEEPCNTP_STONYBROOK.INTERNISTSCLINICIANS","3500","0","3500","2026-09-08 08:51:08"
"healthix","STB-SETAUKETORTHOPEDICS(11)_STONYBROOK.ORTHOPAEDICCLINICIANS","3314","0","3314","2026-09-09 09:15:49"
"healthix","STB-HAMPTONBAYSOBGYN_STONYBROOK.OBGYNCLINICIANS","3049","0","3049","2026-09-08 09:12:59"
"healthix","STB-RIVERHEADNEUROSURG_STONYBROOK.NYSPINEANDBRAINCLINICIANS","2598","0","2598","2026-09-09 09:21:56"
"healthix","STB-SURGICALASSOCIATES_STONYBROOK.LICHSURGERY","2509","0","2509","2026-09-09 09:27:18"
"healthix","STB-OPHTHALHOSP_STONYBROOK.OPTHALMOLOGYCLINICIANS","2239","0","2239","2026-09-06 07:29:43"
"healthix","STB-MORICHESPEDSENDO_STONYBROOK.CHILDRENSSERVICESCLINICIANS","1862","0","1862","2026-09-07 21:51:02"
"healthix","STB-SBUHNEUROSURG_STONYBROOK.NYSPINEANDBRAINCLINICIANS","1854","0","1854","2026-09-09 08:48:32"
"healthix","STB-PSYCHADULTCLINIC(181BM)_STONYBROOK.PSYCHIATRICCLINICIANS","1707","0","1707","2026-09-09 08:59:34"
"healthix","STB-SETAUKETINFDIS_STONYBROOK.INTERNISTSCLINICIANS","1619","0","1619","2026-09-09 09:21:30"
"healthix","STB-SMITHTOWNANES_STONYBROOK.ANAESTHESIOLOGYCLINICIANS","1584","0","1584","2026-09-09 09:22:11"
"healthix","STB-SETAUKETPEDSDEVELO_STONYBROOK.CHILDRENSSERVICESCLINICIANS","1573","0","1573","2026-09-09 07:57:13"
"healthix","STB-SMITHTOWNPEDIATRIC_STONYBROOK.CHILDRENSSERVICESCLINICIANS","1533","0","1533","2026-09-09 09:10:28"
"healthix","STB-HOLBROOKUROLOGY_STONYBROOK.UROLOGYCLINICIANS","1351","0","1351","2026-09-09 09:27:23"
"healthix","STB-OBGYNSCAN_STONYBROOK.OBGYNCLINICIANS","1325","0","1325","2026-09-10 06:30:26"
"healthix","STB-SMITHTOWNSLEEPCNTN_STONYBROOK.NEUROLOGYASSOCIATESCLINICIANS","1279","0","1279","2026-09-09 09:16:11"
"healthix","STB-SETAUKETUROLOGY_STONYBROOK.UROLOGYCLINICIANS","1257","0","1257","2026-09-07 22:48:52"
"healthix","STB-SETAUKETALLERGY_STONYBROOK.INTERNISTSCLINICIANS","1253","0","1253","2026-09-09 09:21:28"
"healthix","STB-SETAUKETPSYCH(205BM)_STONYBROOK.PSYCHIATRICCLINICIANS","1091","0","1091","2026-09-09 08:37:07"
"healthix","STB-COMMACKNEURO_STONYBROOK.NYSPINEANDBRAINCLINICIANS","1055","0","1055","2026-09-08 09:02:13"
"healthix","STB-ISLIPPEDSADOLESCEN_STONYBROOK.CHILDRENSSERVICESCLINICIANS","1045","0","1045","2026-09-08 09:13:31"
"healthix","STB-CENTEREACHPSYCHIATRY_STONYBROOK.PSYCHIATRICCLINICIANS","1040","0","1040","2026-09-09 09:21:23"
"healthix","STB-SHCANCERCENTER_STONYBROOK.UNIVERSITYHOSPITALCLINICIANS","1000","0","1000","2026-09-01 07:59:35"
"healthix","UESRNCX","973","0","973","2026-09-10 17:31:53"
"healthix","STB-SETAUKETPT","893","0","893","2026-09-19 06:17:45"
"healthix","STB-STONYBROOKROADURO_STONYBROOK.UROLOGYCLINICIANS","880","0","880","2026-09-09 08:37:06"
"healthix","STB-HAMPTONBAYSNEURO_STONYBROOK.NEUROLOGYASSOCIATESCLINICIANS","780","0","780","2026-09-08 00:14:08"
"healthix","STB-SETAUKETPSYCHIATRY_STONYBROOK.PSYCHIATRICCLINICIANS","768","0","768","2026-09-07 22:08:35"
"healthix","MORNNRX","682","0","682","2026-09-09 19:37:14"
"healthix","CVSMICL","681","0","681","2026-05-07 05:36:35"
"healthix","STB-STONYBROOKROADGYN_STONYBROOK.OBGYNCLINICIANS","676","0","676","2026-09-09 09:16:33"
"healthix","WCMCCX","631","0","631","2026-09-10 17:40:41"
"healthix","STB-NEUROSURGSCAN_STONYBROOK.NYSPINEANDBRAINCLINICIANS","629","0","629","2026-09-10 06:30:26"
"healthix","GJNRCX","619","0","619","2026-09-10 18:11:16"
"healthix","ANHX","599","0","599","2026-09-10 15:45:43"
"healthix","BPCRHX","596","0","596","2026-09-10 17:27:56"
"healthix","RIVPRHCX","572","0","572","2026-09-10 16:31:16"
"healthix","CNRCX","561","0","561","2026-09-10 17:56:13"
"healthix","HHCHRX","559","0","559","2026-09-10 18:32:50"
"healthix","STB-STBUROLOGY_STONYBROOK.UROLOGYCLINICIANS","552","0","552","2026-09-07 23:39:19"
"healthix","STB-HAMPTONBAYSUROLOGY_STONYBROOK.UROLOGYCLINICIANS","537","0","537","2026-09-07 23:39:27"
"healthix","STB-NEUROSCAN_STONYBROOK.NEUROLOGYASSOCIATESCLINICIANS","537","0","537","2026-09-10 06:30:24"
"healthix","STB-STBNEUROLOGYASSOC_STONYBROOK.NEUROLOGYASSOCIATESCLINICIANS","517","0","517","2026-09-09 09:21:34"
"healthix","REDOX","505","0","505","2026-08-02 18:32:50"
"healthix","STB-RIVERHEADSURGY54C_STONYBROOK.SURGICALCLINICIANS","503","0","503","2026-09-07 22:48:15"
"healthix","BACRNX","497","0","497","2026-09-10 10:54:46"
"healthix","ENNRCX","496","0","496","2026-09-10 14:35:30"
"healthix","STB-NEWHYDEPARKMEDICA_STONYBROOK.INTERNISTSCLINICIANS","489","0","489","2026-09-07 21:00:40"
"healthix","STB-ISLIPPEDSGASTROENT_STONYBROOK.CHILDRENSSERVICESCLINICIANS","450","0","450","2026-09-08 00:47:20"
"healthix","STB-TELEHEALTHOFFICE_STONYBROOK","439","0","439","2026-09-09 09:27:02"
"healthix","STB-MORICHESPEDSADOLES_STONYBROOK.CHILDRENSSERVICESCLINICIANS","439","0","439","2026-09-07 18:49:50"
"healthix","DPRHX","429","0","429","2026-09-21 23:49:04"
"healthix","RICRSHX","426","0","426","2026-09-10 12:39:46"
"healthix","SCFRNX","423","0","423","2026-09-10 17:48:45"
"healthix","STB-PATCHOGUEPEDSGASTR_STONYBROOK.CHILDRENSSERVICESCLINICIANS","423","0","423","2026-09-08 08:22:34"
"healthix","NESCNRX","403","0","403","2026-09-10 18:06:23"
"healthix","BHCFX","399","0","399","2026-09-10 18:05:27"
"healthix","PASOX","388","0","388","2026-09-10 16:21:17"
"healthix","HOLCCX","387","0","387","2026-09-10 02:29:08"
"healthix","STB-PATCHOGUEPEDSPULMO_STONYBROOK.CHILDRENSSERVICESCLINICIANS","379","0","379","2026-09-07 23:33:16"
"healthix","SCRESTRCX","376","0","376","2026-09-09 23:37:25"
"healthix","CENNRX","376","0","376","2026-09-10 12:03:47"
"healthix","PHORNCCX","372","0","372","2026-09-10 17:34:04"
"healthix","STB-BOHEMIAUROLOGY_STONYBROOK.UROLOGYCLINICIANS","370","0","370","2026-09-08 00:13:49"
"healthix","OZHALLX","370","0","370","2026-09-10 15:53:45"
"healthix","MTNRCX","365","0","365","2026-09-10 15:41:45"
"healthix","SHORVNRX","364","0","364","2026-09-10 18:05:12"
"healthix","STB-MORICHESPEDSGASTRO_STONYBROOK.CHILDRENSSERVICESCLINICIANS","361","0","361","2026-09-07 22:20:14"
"healthix","LMPNRCX","359","0","359","2026-09-10 15:12:59"
"healthix","CBNRCX","354","0","354","2026-09-10 13:06:24"
"healthix","HHGOUX","353","0","353","2026-09-10 18:06:06"
"healthix","BCCSX","342","0","342","2026-09-10 15:35:02"
"healthix","STB-PATCHOGUEUROLOGY_STONYBROOK.UROLOGYCLINICIANS","341","0","341","2026-09-07 23:39:44"
"healthix","SNRCPPCX","333","0","333","2026-09-10 18:25:32"
"healthix","BRORRHCX","328","0","328","2026-09-10 14:09:28"
"healthix","BIRENCX","327","0","327","2026-09-10 16:57:50"
"healthix","STB-ISLIPPEDSPULMONOLO_STONYBROOK.CHILDRENSSERVICESCLINICIANS","325","0","325","2026-09-08 09:01:53"
"healthix","HHSEAX","324","0","324","2026-09-09 22:14:32"
"healthix","GPRRCX","320","0","320","2026-09-10 03:02:02"
"healthix","JHLCMX","319","0","319","2026-09-10 17:42:10"
"healthix","STB-SETAUKETSURGORTHO_STONYBROOK.SURGICALCLINICIANS","317","0","317","2026-09-07 21:17:18"
"healthix","GLHCX","315","0","315","2026-09-10 10:44:43"
"healthix","HHMCKX","313","0","313","2026-09-10 02:16:13"
"healthix","NMAGCX","313","0","313","2026-09-09 20:38:49"
"healthix","STB-PUTNAMHALLPEDS_STONYBROOK.CHILDRENSSERVICESCLINICIANS","311","0","311","2026-09-07 18:43:13"
"healthix","HPNRHIX","304","0","304","2026-09-21 23:52:09"
"healthix","HIGHCCX","300","0","300","2026-09-10 02:09:29"
"healthix","STB-MORICHESPEDSPULMON_STONYBROOK.CHILDRENSSERVICESCLINICIANS","294","0","294","2026-07-02 04:51:08"
"healthix","EPORTCX","294","0","294","2026-09-10 15:22:42"
"healthix","STB-SURGYSCAN_STONYBROOK.SURGICALCLINICIANS","268","0","268","2026-09-07 06:22:14"
"healthix","STJRHCX","266","0","266","2026-09-10 18:03:01"
"healthix","GFRNX","265","0","265","2026-09-10 14:59:28"
"healthix","FORDNRCX","262","0","262","2026-09-10 16:25:44"
"healthix","TRIBCX","252","0","252","2026-09-10 17:59:26"
"healthix","BRCRHX","250","0","250","2026-09-10 03:19:18"
"healthix","GRNGX","248","0","248","2026-09-10 17:40:46"
"healthix","WRRNCX","238","0","238","2026-09-10 15:50:24"
"healthix","GRSPX","228","0","228","2026-09-08 15:06:58"
"healthix","INRCX","226","0","226","2026-09-09 09:40:36"
"healthix","STB-STONY BROOK ORTHOPAEDIC ASSOCIATES","221","0","221","2026-09-07 23:56:59"
"healthix","GVRNCX","218","0","218","2026-09-09 23:41:02"
"healthix","BUFNRCX","210","0","210","2026-09-10 11:54:29"
"healthix","HHCOLX","209","0","209","2026-09-10 07:06:35"
"healthix","STB-PATCHOGUEPEDSADOLE_STONYBROOK.CHILDRENSSERVICESCLINICIANS","208","0","208","2026-08-26 03:27:12"
"healthix","CBPNHX","199","0","199","2026-09-09 17:29:44"
"healthix","OCRNX","198","0","198","2026-09-10 17:06:39"
"healthix","SSRNCX","198","0","198","2026-09-10 14:28:59"
"healthix","MACEX","197","0","197","2026-09-10 13:48:56"
"healthix","ECRNX","194","0","194","2026-09-10 15:57:22"
"healthix","STB-SBUHSURGY-HEARTC_STONYBROOK.SURGICALCLINICIANS","192","0","192","2026-09-06 07:31:05"
"healthix","STPHX","189","0","189","2026-09-10 13:49:56"
"healthix","CTCRNX","188","0","188","2026-09-10 02:19:00"
"healthix","NPRNX","186","0","186","2026-09-10 10:44:19"
"healthix","NCSNFX","186","0","186","2026-09-10 13:13:32"
"healthix","CCFRNX","184","0","184","2026-09-09 07:13:48"
"healthix","FCRX","184","0","184","2026-09-10 14:03:51"
"healthix","GCRNX","177","0","177","2026-09-09 19:58:43"
"healthix","TROYRNX","175","0","175","2026-09-10 17:12:06"
"healthix","WASHCX","174","0","174","2026-09-10 16:29:41"
"healthix","NRHCCX","173","0","173","2026-09-10 16:09:22"
"healthix","CURCX","165","0","165","2026-09-10 15:23:22"
"healthix","CORNCX","164","0","164","2026-09-10 16:11:08"
"healthix","STB-SETAUKETGASTROENTER_STONYBROOK.INTERNISTSCLINICIANS","164","0","164","2026-09-10 06:26:18"
"healthix","WEPJX","155","0","155","2026-09-10 12:56:06"
"healthix","STB-GREENPORTPSYCHIATRY_STONYBROOK.PSYCHIATRICCLINICIANS","154","0","154","2026-09-21 16:16:08"
"healthix","STB-SOUTHAMPTONVASCULAR_STONYBROOK.SURGICALCLINICIANS","152","0","152","2026-09-07 16:37:52"
"healthix","NMRHCFX","148","0","148","2026-09-10 03:48:50"
"healthix","STB-MEDICINESCAN_STONYBROOK.INTERNISTSCLINICIANS","148","0","148","2026-09-10 06:26:27"
"healthix","HHCARX","148","0","148","2026-09-10 04:38:42"
"healthix","CORTHX","139","0","139","2026-09-10 14:37:41"
"healthix","OCFRNX","139","0","139","2026-09-10 17:25:40"
"healthix","BUSRHCX","139","0","139","2026-09-09 16:25:52"
"healthix","STB-SBUHCARD_STONYBROOK.INTERNISTSCLINICIANS","138","0","138","2026-09-07 21:34:30"
"healthix","STB-UFPC_STONY BROOK INTERNISTS","132","0","132","2026-09-08 08:56:47"
"healthix","RSNRX","124","0","124","2026-09-10 18:25:46"
"healthix","ONTACX","123","0","123","2026-09-10 14:57:07"
"healthix","CNRHX","118","0","118","2026-09-10 16:25:30"
"healthix","STB-HAMPTONBAYSSURGY_STONYBROOK.SURGICALCLINICIANS","113","0","113","2026-09-09 09:04:56"
"healthix","WARRCX","112","0","112","2026-09-04 16:13:47"
"healthix","HPRNPCCX","110","0","110","2026-09-10 13:50:44"
"healthix","STEUCX","110","0","110","2026-09-09 15:49:04"
"healthix","HOPECX","104","0","104","2026-09-08 20:20:07"
"healthix","SVRNX","103","0","103","2026-09-10 15:23:23"
"healthix","STB-FAMILYMEDICINESCAN_STONYBROOK.FAMPREVMEDICINECLINICIANS","102","0","102","2026-09-10 06:30:28"
"healthix","ESSECX","99","0","99","2026-09-10 13:19:44"
"healthix","RYMDPC","94","0","94","2026-05-18 19:57:06"
"healthix","STB-TELEHEALTHSTROKEUNIT_STONYBROOK.UNIVERSITYHOSPITALCLINICIANS","92","0","92","2026-09-07 06:39:35"
"healthix","WMINHX","92","0","92","2026-09-10 12:17:03"
"healthix","GJM","89","0","89","2026-09-21 20:35:28"
"healthix","EPEEKRNX","82","0","82","2026-09-10 02:59:35"
"healthix","FRANHX","81","0","81","2026-09-09 18:09:39"
"healthix","STB-STONY BROOK PSYCHIATRIC ASSOCIATES UFPC","57","0","57","2026-08-22 06:58:57"
"healthix","HHCH","55","0","55","2026-09-21 22:37:47"
"healthix","UNHX","55","0","55","2026-09-07 14:03:04"
"healthix","STB-PEDSSCAN_STONYBROOK.CHILDRENSSERVICESCLINICIANS","52","0","52","2026-09-10 06:26:12"
"healthix","STB-SETAUKETSURGERYWPHC(140BM)_STONYBROOK.SURGICALCLINICIANS","43","0","43","2026-09-07 23:51:05"
"healthix","STB-HSCPSYCHIATRY_STONYBROOK.PSYCHIATRICCLINICIANS","43","0","43","2026-09-07 14:56:10"
"healthix","STB-STONYBROOKSURGYPA_STONYBROOK.SURGICALCLINICIANS","35","0","35","2026-09-07 22:08:34"
"healthix","MRNRC","33","0","33","2026-09-21 21:29:06"
"healthix","STB-NEUROLOGY ASSOCIATES OF STONY BROOK UFPC_SBUH","31","0","31","2026-08-10 12:25:28"
"healthix","NCALPX","29","0","29","2026-09-10 15:13:49"
"healthix","STB-SETAUKETCARD-HALI_STONYBROOK.INTERNISTSCLINICIANS","28","0","28","2026-09-21 14:16:40"
"healthix","STB-SOUTHAMPTONSURGY_STONYBROOK.SURGICALCLINICIANS","26","0","26","2026-09-21 10:50:10"
"healthix","STB-WTCCOMMACKSCAN_STONYBROOK.INTERNISTSCLINICIANS","25","0","25","2026-09-04 06:24:16"
"healthix","BADCX","25","0","25","2026-09-01 13:26:26"
"healthix","STB-PREVENTIVEMEDICINE_STONYBROOK.FAMPREVMEDICINECLINICIANS","22","0","22","2026-07-21 06:04:13"
"healthix","MADCX","16","0","16","2026-09-02 17:22:19"
"healthix","NMHRCF","16","0","16","2026-09-18 14:05:03"
"healthix","TROYEN","12","0","12","2026-09-21 14:04:13"
"healthix","STB-UROLOGYSCAN_STONYBROOK.UROLOGYCLINICIANS","9","0","9","2026-09-10 06:26:21"
"healthix","STB-RADIATIONONCSCAN_STONYBROOK.RADIATIONONCOLOGYCLINICIANS","8","0","8","2026-08-26 03:06:00"
"healthix","STB-STONYBROOKIMAGING_STONYBROOK.RADIATIONONCOLOGYCLINICIANS","7","0","7","2026-08-09 00:29:23"
"healthix","STB-SETAUKETENDO_STONYBROOK.INTERNISTSCLINICIANS","4","0","4","2026-09-02 06:39:38"
"healthix","STB-ORTHOPEDICSSCAN_STONYBROOK.ORTHOPAEDICCLINICIANS","4","0","4","2026-09-06 06:20:12"
"healthix","SAPPMH","3","0","3","2026-05-13 23:47:14"
"healthix","STB-WTCMINEOLASCAN_STONYBROOK.INTERNISTSCLINICIANS","2","0","2","2026-07-15 06:25:45"
"healthix","STB-DERMSCAN_STONYBROOK.DERMATOLOGYCLINICIANS","2","0","2","2026-05-04 06:20:59"
"healthix","STB-SETAUKETSURG(37RW)_STONYBROOK.SURGICALCLINICIANS","2","0","2","2026-07-09 14:12:54"
"healthix","STB-STONYBROOKROADRADIOLOGY_STONYBROOK.RADIATIONONCOLOGYCLINICIANS","1","0","1","2026-08-14 02:22:29"
"healthix","JA","0","1386938","1386938","2026-09-10 18:33:43"
"healthix","BV","0","32076","32076","2026-09-10 18:33:27"
"healthix","LI","0","1198401","1198401","2026-09-10 18:33:51"
"healthix","HC","0","132364","132364","2026-09-10 18:30:24"
"healthix","CHSVP","0","2","2","2026-06-26 13:49:31"
"healthix","CHSVL","0","1594","1594","2026-09-20 21:31:18"
"healthix","EY","0","76431","76431","2026-09-10 18:33:39"
"healthix","WO","0","876900","876900","2026-09-10 18:33:42"
"healthix","QU","0","972729","972729","2026-09-10 18:33:49"
"healthix","SCM","0","13300","13300","2026-09-21 22:50:03"
"healthix","CU","0","85827","85827","2026-09-10 18:33:03"
"healthix","CHCHC","0","17","17","2026-09-09 10:48:33"
"healthix","R","0","81864","81864","2026-09-10 18:33:35"
"healthix","CHHA","0","72","72","2026-09-15 14:15:46"
"healthix","NO","0","313","313","2026-07-12 16:59:42"
"healthix","BE","0","1767457","1767457","2026-09-10 18:33:48"
"healthix","GV","0","111873","111873","2026-09-10 18:33:27"
"healthix","SB","0","922879","922879","2026-09-10 18:33:50"
"healthix","KC","0","1419936","1419936","2026-09-10 18:33:43"
"healthix","EMR_8B7E2521-3335-4B5B-ADEF-AEAC60905142","0","5390","5390","2026-09-21 21:10:57"
"healthix","MO","0","56837","56837","2026-09-10 18:33:41"
"healthix","PHYC","0","4","4","2026-07-03 00:43:30"
"healthix","GSHPH","0","1159","1159","2026-09-21 23:54:43"
"healthix","ME","0","647283","647283","2026-09-10 18:33:30"
"healthix","FPG","0","87","87","2026-09-16 18:23:28"
"healthix","EL","0","1538442","1538442","2026-09-10 18:33:50"
"healthix","GSPC","0","760","760","2026-09-21 23:05:42"
"healthix","HA","0","706101","706101","2026-09-10 18:33:38"
"hixny","HECSENTS","967","0","967","2026-07-28 02:17:42"
"hixny","HECARTHS","919","0","919","2026-07-28 02:12:44"
"hixny","HECSLEEPINS","869","0","869","2026-08-04 09:09:52"
"hixny","HECBS","784","0","784","2026-08-04 09:12:57"
"hixny","HECPMG","781","0","781","2026-08-04 09:06:45"
"hixny","HECLILPED","770","0","770","2026-07-24 02:15:59"
"hixny","HECFHCNY","767","0","767","2026-08-14 16:26:23"
"hixny","HECHVOBGYN","758","0","758","2026-08-04 09:01:38"
"hixny","HECWOMWELPL","754","0","754","2026-08-04 17:00:45"
"hixny","HECERIVER","751","0","751","2026-07-28 00:47:05"
"hixny","HECCHA","751","0","751","2026-08-04 09:04:42"
"hixny","HECWWSMED","732","0","732","2026-08-04 09:12:57"
"hixny","HECWESTGRP","714","0","714","2026-08-04 09:09:51"
"hixny","HECONHLTH","708","0","708","2026-08-14 17:44:30"
"hixny","HECMONTENY","640","0","640","2026-08-14 16:37:53"
"hixny","EDDYGREENDOC","2","0","2","2026-09-05 05:16:20"
"hixny","ELLSENDIMC","1","0","1","2026-08-17 07:37:27"
"rochester","RR166","7639","0","7639","2026-09-21 22:32:24"
"rochester","RR162","6360","0","6360","2026-09-21 23:44:49"
"rochester","RR153","5756","0","5756","2026-09-21 22:35:41"
"rochester","RR811","3513","0","3513","2026-09-21 23:45:56"
"rochester","UR2536","3207","0","3207","2026-09-21 22:08:21"
"rochester","RR810","1559","0","1559","2026-09-21 22:32:35"
"rochester","PLLC","1353","0","1353","2026-09-21 22:29:04"
"rochester","RR102","1018","0","1018","2026-09-21 22:30:30"
"rochester","RR812","994","0","994","2026-09-21 23:21:18"
"rochester","UR2435","994","0","994","2026-09-21 22:30:28"
"rochester","UR2439","846","0","846","2026-09-21 22:04:30"
"rochester","RR814","648","0","648","2026-09-21 22:26:32"
"rochester","RR815","616","0","616","2026-09-21 22:28:48"
"rochester","EHOUSE","491","0","491","2026-09-21 20:40:22"
"rochester","RR817","358","0","358","2026-09-21 22:30:37"
"rochester","UR2545","200","0","200","2026-09-20 07:07:35"
"rochester","RR97","152","0","152","2026-09-21 16:22:40"
"rochester","RR809","136","0","136","2026-09-16 15:00:41"
"rochester","UR2535","123","0","123","2026-09-19 22:22:03"
"rochester","UR1843","115","0","115","2026-09-20 06:28:53"
"rochester","UR2447","105","0","105","2026-09-21 16:36:26"
"rochester","${FACILITYSHORTNAME}","95","0","95","2026-09-21 14:44:02"
"rochester","UNDEFINED","91","0","91","2026-07-28 13:49:20"
"rochester","UR2548","84","0","84","2026-09-19 07:52:46"
"rochester","UR2448","37","0","37","2026-09-20 04:32:42"
"rochester","UR2544","36","0","36","2026-09-12 13:21:02"
"rochester","UR2541","33","0","33","2026-09-20 04:56:31"
"rochester","RR781","20","0","20","2026-09-21 19:16:13"
"rochester","RR780","18","0","18","2026-09-05 09:26:29"
"rochester","UR2534","11","0","11","2026-09-14 03:36:03"
"rochester","UR2423","7","0","7","2026-09-19 04:54:45"
"rochester","RR117","4","0","4","2026-09-06 17:34:02"
"rochester","RR161","2","0","2","2026-07-14 17:24:16"
"rochester","MIDLNA","2","0","2","2026-09-10 19:40:13"
"rochester","RR114","2","0","2","2026-07-24 15:58:18"
"rochester","RRH269","1","0","1","2026-05-18 21:40:10"
"rochester","RR150","1","0","1","2026-05-18 21:40:09"
"techbd","HRZON2","148107","0","148107","2026-09-21 22:25:37"
"techbd","EVGRN2","75998","0","75998","2026-09-21 23:42:31"
"techbd","MCSTNE","70165","0","70165","2026-07-20 15:06:44"
"techbd","FHMS2","44747","0","44747","2026-09-21 20:54:07"
"techbd","SHS2","38392","0","38392","2026-09-01 20:12:07"
"techbd","SASI2","23440","0","23440","2026-09-21 23:11:34"
"techbd","MSMH","22347","4334","26681","2026-07-20 14:52:58"
"techbd","SOC","21828","8941","30769","2026-07-20 14:45:23"
"techbd","BGMC","19358","0","19358","2026-07-20 14:42:37"
"techbd","CATHC2","19297","0","19297","2026-09-21 21:47:43"
"techbd","BMH","18148","15055","33203","2026-09-01 14:27:27"
"techbd","UPMCCL","15730","0","15730","2026-07-22 04:22:37"
"techbd","KMH","15443","6650","22093","2026-07-20 14:49:15"
"techbd","MCSTNN","14788","0","14788","2026-07-20 15:01:46"
"techbd","MFSH","14458","0","14458","2026-07-20 14:48:41"
"techbd","CHOB","12542","0","12542","2026-07-20 15:00:26"
"techbd","ECMC2","12304","0","12304","2026-09-20 09:03:21"
"techbd","KHOGH","12112","0","12112","2026-07-20 15:07:30"
"techbd","GLPPFR","11481","0","11481","2026-07-22 04:34:48"
"techbd","BSBH2","11346","0","11346","2026-09-21 18:10:35"
"techbd","GLPPSC","11295","0","11295","2026-07-22 04:29:05"
"techbd","GLPPJF","10822","0","10822","2026-07-22 04:33:16"
"techbd","MACC","10248","0","10248","2026-07-20 14:50:23"
"techbd","OMP535MS","9816","0","9816","2026-07-20 15:03:22"
"techbd","GLPPOG","9720","0","9720","2026-07-22 04:32:10"
"techbd","GLPPDK","9670","0","9670","2026-07-22 04:41:27"
"techbd","ENDV2","9468","0","9468","2026-09-21 19:18:11"
"techbd","KHBGH","8836","0","8836","2026-06-09 05:04:48"
"techbd","HRMCC2","8830","0","8830","2026-09-21 20:51:26"
"techbd","SJH","8263","3379","11642","2026-07-20 14:39:27"
"techbd","SJCMCC","8081","0","8081","2026-07-20 14:43:53"
"techbd","GLPPJ1","8035","0","8035","2026-07-22 04:36:06"
"techbd","GLPPGA","7808","0","7808","2026-07-22 04:30:31"
"techbd","UPMCED","7797","0","7797","2026-07-22 03:41:21"
"techbd","GPPC111PRIMCARE","7657","0","7657","2026-07-20 15:14:29"
"techbd","KHMFSH","7566","0","7566","2026-06-09 05:02:36"
"techbd","CHOBC","7392","0","7392","2026-07-20 15:12:52"
"techbd","GLPPIM","7385","0","7385","2026-07-22 04:32:55"
"techbd","BTLCMH","7043","0","7043","2026-07-20 13:41:03"
"techbd","SJCBWC","6519","0","6519","2026-07-20 14:55:42"
"techbd","GPPC1091MS","6267","0","6267","2026-07-20 15:06:29"
"techbd","KHOCH","6168","0","6168","2026-06-28 05:06:23"
"techbd","NFMPCN","5743","0","5743","2026-07-20 15:00:09"
"techbd","CCMEDCRWNYPC","5467","0","5467","2026-07-20 15:01:39"
"techbd","TMCCOP","5460","0","5460","2026-07-20 14:58:10"
"techbd","STAHL2","5423","0","5423","2026-09-21 19:29:38"
"techbd","TMCORW","5305","0","5305","2026-07-20 14:39:44"
"techbd","GLPPC1","5303","0","5303","2026-07-22 04:37:42"
"techbd","GPPC5959BTR","4965","0","4965","2026-07-20 14:58:22"
"techbd","UPMCDR","4844","0","4844","2026-07-22 04:36:16"
"techbd","TMPWNY","4789","0","4789","2026-07-20 15:02:40"
"techbd","TMCCW","4770","0","4770","2026-07-20 15:06:45"
"techbd","GLC705MR","4730","0","4730","2026-07-20 14:41:06"
"techbd","MACATH","4710","0","4710","2026-07-20 14:37:26"
"techbd","TMCCC","4445","0","4445","2026-07-20 14:56:25"
"techbd","GPPC6009STR","4315","0","4315","2026-07-20 15:05:56"
"techbd","GLPPJM","4036","0","4036","2026-07-22 04:36:40"
"techbd","GLPPOR","3975","0","3975","2026-07-22 04:39:50"
"techbd","GPPC4893TR","3972","0","3972","2026-07-20 14:43:24"
"techbd","UPMCUS","3969","0","3969","2026-07-22 04:34:26"
"techbd","DMP","3936","0","3936","2026-07-20 12:03:07"
"techbd","TMCOWS","3859","0","3859","2026-07-20 14:26:43"
"techbd","GPPC45SD","3376","0","3376","2026-07-20 14:27:34"
"techbd","UPMCNO","3346","0","3346","2026-07-22 04:42:14"
"techbd","MSMHPC","3342","0","3342","2026-07-20 14:40:08"
"techbd","TMCPCK","3330","0","3330","2026-07-20 14:47:17"
"techbd","UPMCMM","3330","0","3330","2026-07-22 04:41:16"
"techbd","KHBRMC","3289","0","3289","2026-07-20 15:06:21"
"techbd","GLPPOS","3278","0","3278","2026-07-22 04:28:12"
"techbd","SOCOB","2958","0","2958","2026-07-20 14:00:21"
"techbd","TMCORH","2946","0","2946","2026-07-20 14:55:02"
"techbd","SOCLVJ","2913","0","2913","2026-07-20 14:59:18"
"techbd","MHCWNY","2859","0","2859","2026-07-20 08:11:51"
"techbd","GPPC210EMS","2844","0","2844","2026-07-20 15:00:27"
"techbd","SOCKFC","2822","0","2822","2026-07-20 14:00:43"
"techbd","MSMNHC","2759","0","2759","2026-07-20 14:37:03"
"techbd","UPMCCT","2753","0","2753","2026-07-22 04:30:00"
"techbd","TMCEWS","2691","0","2691","2026-07-19 20:55:24"
"techbd","MSMHEN","2690","0","2690","2026-07-20 14:34:29"
"techbd","HRASC","2643","0","2643","2026-07-20 04:46:04"
"techbd","GPPC7616TR","2630","0","2630","2026-07-20 14:56:45"
"techbd","RSMH2","2567","0","2567","2026-09-21 04:27:19"
"techbd","MSMHCC","2492","0","2492","2026-07-20 14:19:40"
"techbd","GPPC6440TR","2427","0","2427","2026-07-20 15:09:17"
"techbd","UPMCWH","2370","0","2370","2026-07-22 04:24:44"
"techbd","GLPPCA","2285","0","2285","2026-07-22 04:26:50"
"techbd","SAWEST","2207","589","2796","2026-07-20 13:08:47"
"techbd","GLPPPM","2168","0","2168","2026-07-22 04:36:50"
"techbd","HERELM","2166","0","2166","2026-07-19 06:06:31"
"techbd","GPPC18LD","2102","0","2102","2026-07-20 14:14:08"
"techbd","GPPC100HIGH","2084","0","2084","2026-07-20 15:13:11"
"techbd","HARSUR","2056","0","2056","2026-05-30 06:36:35"
"techbd","GLPPN1","2056","0","2056","2026-07-22 04:36:33"
"techbd","UPMCON","2047","0","2047","2026-07-22 04:38:38"
"techbd","KMHPT","2045","0","2045","2026-07-20 14:45:17"
"techbd","MSMHWO","2025","0","2025","2026-07-20 14:53:37"
"techbd","SOCDY","2004","0","2004","2026-07-20 14:37:01"
"techbd","TMOPAR","1939","0","1939","2026-07-20 14:22:24"
"techbd","EDMW","1885","0","1885","2026-07-19 06:08:21"
"techbd","MSMPCS","1877","0","1877","2026-07-20 14:53:18"
"techbd","GPPC3898VD","1863","0","1863","2026-07-20 15:03:03"
"techbd","UPMCMR","1847","0","1847","2026-07-22 04:34:47"
"techbd","TMCOBD","1826","0","1826","2026-07-20 13:03:26"
"techbd","DGRAFF","1817","0","1817","2026-07-19 05:09:11"
"techbd","GPPC5014TR","1811","0","1811","2026-07-19 19:41:50"
"techbd","OGH623MS","1747","0","1747","2026-07-20 14:45:07"
"techbd","TMCPOP","1729","0","1729","2026-07-20 13:31:04"
"techbd","SJCCWC","1728","0","1728","2026-07-20 13:37:49"
"techbd","UPMCGA","1715","0","1715","2026-07-21 20:46:14"
"techbd","GLPPT3","1688","0","1688","2026-07-21 20:01:37"
"techbd","SOCPC","1683","0","1683","2026-07-20 14:36:38"
"techbd","TMPOP","1673","0","1673","2026-07-20 14:53:31"
"techbd","MACWND","1662","0","1662","2026-07-20 14:55:31"
"techbd","SOCHCD","1657","0","1657","2026-07-20 06:12:30"
"techbd","WNYDEC","1588","0","1588","2026-07-20 14:43:31"
"techbd","GPPC6095TR","1586","0","1586","2026-07-20 13:58:17"
"techbd","GPPC5470CR","1576","0","1576","2026-07-20 14:52:44"
"techbd","KHCMH","1557","0","1557","2026-07-20 14:33:19"
"techbd","GPPC3045SB","1556","0","1556","2026-07-20 14:45:09"
"techbd","GPPC415TS","1551","0","1551","2026-07-20 15:13:10"
"techbd","GLPPGS","1515","0","1515","2026-07-22 04:29:51"
"techbd","TMCBS","1514","0","1514","2026-07-20 14:55:36"
"techbd","GPPC1000YR","1505","0","1505","2026-07-20 14:31:12"
"techbd","KHSIC45SD","1463","0","1463","2026-07-20 15:07:26"
"techbd","GLPPC3","1444","0","1444","2026-07-22 04:38:49"
"techbd","NFMPCL","1433","0","1433","2026-07-20 14:49:35"
"techbd","TMCPOD","1420","0","1420","2026-07-20 02:47:51"
"techbd","TMCCH","1332","0","1332","2026-07-20 14:18:59"
"techbd","TMCOEA","1306","0","1306","2026-07-19 16:46:47"
"techbd","HEMC","1269","0","1269","2026-07-20 14:37:30"
"techbd","UPMCNM","1261","0","1261","2026-07-22 04:27:18"
"techbd","BRDPED","1247","0","1247","2026-07-19 06:11:08"
"techbd","BMHFG","1242","0","1242","2026-07-20 14:55:44"
"techbd","NIAPED","1206","0","1206","2026-07-19 06:08:52"
"techbd","KENOBG","1204","0","1204","2026-07-19 06:07:02"
"techbd","CCDOH2","1120","0","1120","2026-09-21 18:38:35"
"techbd","STNWS","1120","234","1354","2026-07-19 21:07:05"
"techbd","UPMCWB","1113","0","1113","2026-07-22 04:22:48"
"techbd","CHOBKEN","1110","0","1110","2026-07-20 14:56:53"
"techbd","OGHHPHC","1071","0","1071","2026-07-20 15:07:38"
"techbd","TMCWS","1059","0","1059","2026-07-20 14:36:47"
"techbd","CHOB1050","1039","0","1039","2026-07-20 14:49:36"
"techbd","CHOB1028","1036","0","1036","2026-07-20 13:55:01"
"techbd","UPMCCA","1035","0","1035","2026-07-21 17:40:06"
"techbd","GPPC268MS","1021","0","1021","2026-07-20 15:00:16"
"techbd","OMPS","996","0","996","2026-07-20 14:35:41"
"techbd","GPPC1430CB","987","0","987","2026-07-20 15:02:33"
"techbd","MNC","980","0","980","2026-07-19 18:49:23"
"techbd","CCEDEN","970","2","972","2026-07-18 23:48:49"
"techbd","OHNEUR","969","0","969","2026-07-19 06:09:05"
"techbd","GLPPRE","967","0","967","2026-07-21 15:42:53"
"techbd","BGBAR","958","0","958","2026-07-16 04:40:23"
"techbd","GPPC7020ER","955","0","955","2026-07-20 14:59:57"
"techbd","GPPC401N8S","944","0","944","2026-07-20 14:46:41"
"techbd","STNSC","908","186","1094","2026-07-20 12:52:07"
"techbd","OGHOSC","905","0","905","2026-07-20 14:25:12"
"techbd","OHPER","898","0","898","2026-07-19 06:07:13"
"techbd","BMHMA","878","0","878","2026-07-20 14:43:59"
"techbd","GPPC180PCL","875","0","875","2026-07-19 18:59:14"
"techbd","UPMCOP","861","0","861","2026-07-22 04:27:33"
"techbd","OHROBE","844","0","844","2026-07-19 06:07:42"
"techbd","OHORTH","843","0","843","2026-05-31 06:18:16"
"techbd","GLPPSA","827","0","827","2026-07-22 04:08:02"
"techbd","UPMCDX","811","0","811","2026-07-22 04:25:21"
"techbd","OHDERM","802","0","802","2026-07-19 06:08:57"
"techbd","OHENT","798","0","798","2026-07-19 06:06:26"
"techbd","CHOBNIA","797","0","797","2026-07-20 14:18:13"
"techbd","BSHC","796","0","796","2026-07-20 15:02:19"
"techbd","TMCBENZ","791","0","791","2026-07-20 13:37:37"
"techbd","GLPPSM","790","0","790","2026-07-22 04:28:31"
"techbd","NIAWH","781","0","781","2026-07-15 06:08:03"
"techbd","GPPC100CP","761","0","761","2026-07-20 15:07:07"
"techbd","CHOBBP","740","0","740","2026-07-20 15:13:08"
"techbd","GPPC5844SB","735","0","735","2026-07-20 12:26:21"
"techbd","GPPC3805LOR","731","0","731","2026-07-20 13:18:17"
"techbd","LEMSDUNKIRK","725","0","725","2026-07-20 13:58:02"
"techbd","MDCEA","707","0","707","2026-07-20 02:22:53"
"techbd","UPMCLD","702","0","702","2026-07-22 03:42:02"
"techbd","GPPC10","697","0","697","2026-07-19 21:31:28"
"techbd","BTLCG","688","0","688","2026-07-20 13:12:30"
"techbd","SMHC","684","0","684","2026-07-20 14:28:51"
"techbd","KMHSC","683","0","683","2026-07-19 20:05:32"
"techbd","BGCRHY","648","0","648","2026-07-16 04:34:38"
"techbd","TMCCB","635","0","635","2026-07-20 12:36:47"
"techbd","UPMC5D","628","0","628","2026-07-22 04:10:40"
"techbd","OMP14CS","623","0","623","2026-07-20 14:47:52"
"techbd","SOCSOH","616","0","616","2026-07-20 15:06:43"
"techbd","LEMS268WMS","614","0","614","2026-07-19 22:24:38"
"techbd","GLPPCR","596","0","596","2026-07-21 05:47:55"
"techbd","UPMCOI","579","0","579","2026-07-22 04:39:29"
"techbd","GLPPNE","579","0","579","2026-07-22 04:31:05"
"techbd","UPMC4D","565","0","565","2026-07-22 03:40:01"
"techbd","GPPC1150YR","563","0","563","2026-07-19 21:26:31"
"techbd","OFM","557","0","557","2026-07-20 13:11:39"
"techbd","BGORTH","538","0","538","2026-07-19 05:57:31"
"techbd","UPMCS3","523","0","523","2026-07-21 18:22:00"
"techbd","VNAWNYHHE","497","0","497","2026-07-19 21:58:06"
"techbd","BGMIS","489","0","489","2026-07-19 05:59:20"
"techbd","LEMS529CA","461","0","461","2026-07-19 22:08:51"
"techbd","BADLLO","448","0","448","2026-09-01 17:08:51"
"techbd","VNAWNYHHGLOW","368","0","368","2026-07-20 15:13:40"
"techbd","GLPO31","367","0","367","2026-07-19 19:32:04"
"techbd","CCNEPHRNF","363","0","363","2026-07-19 18:52:46"
"techbd","TMCS","356","0","356","2026-07-16 14:36:02"
"techbd","BGMCWL705MR","346","0","346","2026-07-19 20:53:14"
"techbd","TMCENF","346","0","346","2026-07-19 16:31:02"
"techbd","GPPC888CR","326","0","326","2026-07-19 18:36:17"
"techbd","SASC","319","0","319","2026-07-20 04:46:02"
"techbd","OHRHEU","313","0","313","2026-07-19 06:07:43"
"techbd","OHAUDI","303","0","303","2026-05-31 06:16:46"
"techbd","OMPMAB","302","0","302","2026-07-20 14:08:23"
"techbd","OGHDHC","300","0","300","2026-07-20 13:49:02"
"techbd","UPMCPM","278","0","278","2026-07-22 04:16:21"
"techbd","SOCHS","265","0","265","2026-06-24 23:54:48"
"techbd","ENTHP","264","0","264","2026-07-14 06:01:19"
"techbd","CCFWMP","256","0","256","2026-07-17 16:39:00"
"techbd","GPPC6934ED","250","0","250","2026-07-19 16:28:45"
"techbd","BPS","248","0","248","2026-06-25 19:03:07"
"techbd","UPMCAP","244","0","244","2026-07-20 14:38:29"
"techbd","GPPC2450EA","243","0","243","2026-07-20 15:09:46"
"techbd","VNAWNYHHN","238","0","238","2026-07-19 20:00:22"
"techbd","FAMPLN","237","0","237","2026-07-19 06:00:26"
"techbd","UPMCIR","235","0","235","2026-07-22 04:37:06"
"techbd","OMPF","224","0","224","2026-07-18 10:51:57"
"techbd","OHPEDS","220","0","220","2026-07-19 06:07:36"
"techbd","HRELMP","209","0","209","2026-05-30 06:21:23"
"techbd","STSRCT","208","0","208","2026-05-30 06:33:01"
"techbd","UPMCIN","200","0","200","2026-07-22 04:26:44"
"techbd","TMCPUB","199","0","199","2026-07-15 23:35:32"
"techbd","WSTMST","198","0","198","2026-06-19 13:04:29"
"techbd","GPPC116IPCC","195","0","195","2026-07-20 12:58:31"
"techbd","BESOT","188","0","188","2026-07-02 06:00:35"
"techbd","HILLPA","183","0","183","2026-06-19 23:27:33"
"techbd","UPMCMN","172","0","172","2026-07-17 14:40:49"
"techbd","UPMCWO","171","0","171","2026-07-22 03:58:22"
"techbd","MCENTR","167","0","167","2026-06-19 23:18:24"
"techbd","BRMS","163","0","163","2026-07-20 13:36:53"
"techbd","LEMS107IS","161","0","161","2026-07-18 21:23:27"
"techbd","SOCHH","158","0","158","2026-06-27 08:24:01"
"techbd","BGENT","156","0","156","2026-07-19 06:01:03"
"techbd","UPMCEN","155","0","155","2026-07-20 20:30:09"
"techbd","OMP45WMS","153","0","153","2026-07-20 02:46:02"
"techbd","GLPPFP","151","0","151","2026-07-21 21:13:08"
"techbd","UPMCBH","147","0","147","2026-07-21 05:52:16"
"techbd","GPPC10175NFB","144","0","144","2026-07-19 16:11:22"
"techbd","UPMCAC","144","0","144","2026-07-22 04:16:58"
"techbd","EMC","143","0","143","2026-07-20 14:28:32"
"techbd","SOCHCA","137","0","137","2026-07-19 17:53:15"
"techbd","OHPLAS","137","0","137","2026-05-31 06:18:18"
"techbd","BNM","122","21","143","2026-07-19 22:07:56"
"techbd","OHHEAL","113","0","113","2026-05-30 06:30:16"
"techbd","SAKENM","109","15","124","2026-06-30 12:34:40"
"techbd","KMHRE","107","0","107","2026-07-18 14:50:59"
"techbd","LYDWS","105","0","105","2026-06-28 12:38:16"
"techbd","UPMCHC","104","0","104","2026-07-18 15:28:40"
"techbd","UPMCPR","104","0","104","2026-07-18 18:23:25"
"techbd","SOCHAS","101","0","101","2026-06-27 14:59:18"
"techbd","OHEYE","101","0","101","2026-05-29 06:29:31"
"techbd","OHCRAN","98","0","98","2026-05-31 06:14:46"
"techbd","UPMCPO","96","0","96","2026-07-15 11:42:32"
"techbd","KLHDEG","93","0","93","2026-09-18 15:52:19"
"techbd","SAWNY","87","26","113","2026-07-10 15:16:07"
"techbd","NIAGSN","84","0","84","2026-05-31 06:14:45"
"techbd","VNAWNYHHAC","82","0","82","2026-07-20 15:13:43"
"techbd","UPMCHE","77","0","77","2026-07-20 14:45:43"
"techbd","VNAWNYHHC","77","0","77","2026-07-19 13:55:40"
"techbd","UPMCPS","77","0","77","2026-07-18 14:54:39"
"techbd","TMCECB","76","0","76","2026-05-11 18:49:13"
"techbd","BTLCOPSUDSD","74","0","74","2026-08-31 21:09:18"
"techbd","BLDACA","70","0","70","2026-06-30 06:02:02"
"techbd","UPMCIC","66","0","66","2026-07-17 14:34:46"
"techbd","OHAUTI","65","0","65","2026-05-30 06:28:34"
"techbd","VNAWNYHHS","64","0","64","2026-07-19 15:32:32"
"techbd","TMCALD","59","0","59","2026-07-17 12:53:51"
"techbd","GLPPN3","59","0","59","2026-07-13 16:46:16"
"techbd","CHOBSHR","56","0","56","2026-07-20 14:43:41"
"techbd","OHNE","55","0","55","2026-05-31 06:15:38"
"techbd","BTLCOPSUDSC","55","0","55","2026-08-31 21:09:11"
"techbd","GLPPGE","54","0","54","2026-07-17 14:30:46"
"techbd","BGPS","51","0","51","2026-07-19 05:57:39"
"techbd","OHWOU","45","0","45","2026-05-29 06:35:55"
"techbd","LEMSDERBY","42","0","42","2026-07-06 18:49:27"
"techbd","UPMCST","40","0","40","2026-07-20 15:58:25"
"techbd","UPMCEE","38","0","38","2026-07-22 02:38:35"
"techbd","NIABEP","37","0","37","2026-07-12 06:10:36"
"techbd","${ASSIGNINGAUTHORITYHEADER}","36","0","36","2026-09-21 14:22:54"
"techbd","TMCF","33","0","33","2026-06-30 20:02:18"
"techbd","BTLCPL","31","0","31","2026-07-18 04:14:36"
"techbd","GPPC1001MS","30","0","30","2026-07-06 20:04:32"
"techbd","TMCVAS","30","0","30","2026-07-19 18:47:58"
"techbd","FHMS","29","0","29","2026-07-20 15:37:19"
"techbd","BGEMG","27","0","27","2026-05-31 06:03:03"
"techbd","CCGADDI","27","0","27","2026-06-09 21:01:57"
"techbd","GLPPET","26","0","26","2026-07-20 06:13:06"
"techbd","NIAGYL","25","0","25","2026-07-01 06:10:10"
"techbd","TMCVEM","24","0","24","2026-06-20 00:29:45"
"techbd","OHNEON","22","0","22","2026-05-28 06:31:39"
"techbd","SADERB","20","6","26","2026-06-19 20:29:19"
"techbd","UPMCNH","20","0","20","2026-07-16 00:04:12"
"techbd","GLPPCC","19","0","19","2026-07-06 17:34:54"
"techbd","GPPCO","17","0","17","2026-07-15 12:33:40"
"techbd","SASI","17","0","17","2026-07-20 15:31:11"
"techbd","GLPPG1","15","0","15","2026-06-30 20:38:42"
"techbd","OHVASC","14","0","14","2026-05-20 06:30:56"
"techbd","UPMCHI","13","0","13","2026-06-05 09:55:23"
"techbd","DMGS","12","0","12","2026-05-29 06:09:45"
"techbd","GRRHIO:SIMA","7","0","7","2026-05-13 13:49:45"
"techbd","OHFIBR","7","0","7","2026-05-08 06:35:11"
"techbd","UPMCOS","4","0","4","2026-06-20 06:50:53"
"techbd","STAHL","4","0","4","2026-07-20 15:31:36"
"techbd","UPMC1A","4","0","4","2026-07-16 19:48:35"
"techbd","UPMCLO","4","0","4","2026-07-22 03:58:03"
"techbd","UPMCRT","4","0","4","2026-07-04 06:11:55"
"techbd","UPMCDI","3","0","3","2026-07-04 06:26:17"
"techbd","UPMCPT","3","0","3","2026-06-13 07:00:17"
"techbd","MSMORT","3","0","3","2026-07-10 15:01:24"
"techbd","UPMCEG","2","0","2","2026-07-07 17:44:14"
"techbd","HRMCC","2","0","2","2026-07-20 15:17:07"
"techbd","GLPPPU","1","0","1","2026-05-30 06:51:30"
"techbd","MMOSC","1","0","1","2026-06-01 15:47:13"
"techbd","DMENDB","1","0","1","2026-05-07 08:55:32"
"techbd","MILLSC","1","0","1","2026-05-09 06:32:17"
"techbd","UPMCNS","1","0","1","2026-05-30 06:19:15"
"techbd","GLPPF1","1","0","1","2026-05-05 14:17:10"
"techbd","UPMCHV","1","0","1","2026-06-20 07:01:22"
"techbd","UPMCPH","1","0","1","2026-07-04 06:34:55"
"techbd","VNANWPAHH","1","0","1","2026-07-02 13:43:15"
"techbd","NBMPW","1","0","1","2026-06-25 06:10:56"
"techbd","BGENDO","1","0","1","2026-05-07 08:53:42"
"techbd","UPMCPA","1","0","1","2026-05-23 08:57:44"
"techbd","CCNEPH NIAG","0","1","1","2026-05-13 16:00:53"
"techbd","CCMED CAREWNY","0","21","21","2026-05-19 20:14:11"
"techbd","TMC","0","13020","13020","2026-05-20 16:30:14"
"techbd","CHS","0","175","175","2026-05-20 12:53:04"
"techbd","GLP","0","91722","91722","2026-09-01 14:24:36"
